page_start,page_end,level_1,level_2,level_3
83,83,VISITS/EXAMINATIONS—INTERNAL MEDICINE (01),"Office, Home Visits",
84,84,VISITS/EXAMINATIONS—INTERNAL MEDICINE (01),Continuing Patient Care Management by Medical Specialists,
85,85,VISITS/EXAMINATIONS—INTERNAL MEDICINE (01),Hospital Care,
85,85,VISITS/EXAMINATIONS—INTERNAL MEDICINE (01),Special Call—See General Schedule,
85,86,VISITS/EXAMINATIONS—INTERNAL MEDICINE (01),Virtual Visits,
87,87,VISITS/EXAMINATIONS—INTERNAL MEDICINE (01),Chronic Care—See General Schedule,
87,87,VISITS/EXAMINATIONS—INTERNAL MEDICINE (01),Concomitant Care,
88,88,NEUROLOGY (01-1),"Office, Home Visits",
89,89,NEUROLOGY (01-1),Continuing Patient Care Management by Medical Specialists,
90,90,NEUROLOGY (01-1),Hospital Care,
90,90,NEUROLOGY (01-1),Special Call—See General Schedule,
90,92,NEUROLOGY (01-1),Virtual Visits,
93,93,NEUROLOGY (01-1),Chronic Care—See General Schedule,
93,93,NEUROLOGY (01-1),Concomitant Care,
94,95,GERIATRIC MEDICINE (01-2),"Office, Home Visits",
96,96,GERIATRIC MEDICINE (01-2),Continuing Patient Care Management by Medical Specialists,
97,97,GERIATRIC MEDICINE (01-2),Hospital Care,
97,97,GERIATRIC MEDICINE (01-2),Special Call—See General Schedule,
97,98,GERIATRIC MEDICINE (01-2),Virtual Visits,
99,99,GERIATRIC MEDICINE (01-2),Chronic Care—See General Schedule,
99,99,GERIATRIC MEDICINE (01-2),Concomitant Care,
100,100,RHEUMATOLOGY MEDICINE (01-3),"Office, Home Visits",
101,101,RHEUMATOLOGY MEDICINE (01-3),Continuing Patient Care Management by Medical Specialists,
102,102,RHEUMATOLOGY MEDICINE (01-3),Hospital Care,
102,102,RHEUMATOLOGY MEDICINE (01-3),Special Call—See General Schedule,
102,102,RHEUMATOLOGY MEDICINE (01-3),Virtual Visits,
103,103,RHEUMATOLOGY MEDICINE (01-3),Concomitant Care,
104,104,RHEUMATOLOGY MEDICINE (01-3),Chronic Care—See General Schedule,
105,105,CARDIOLOGY (01-4),"Office, Home Visits",
106,106,CARDIOLOGY (01-4),Continuing Patient Care Management by Medical Specialists,
107,107,CARDIOLOGY (01-4),Hospital Care,
107,107,CARDIOLOGY (01-4),Special Call—See General Schedule,
107,108,CARDIOLOGY (01-4),Virtual Visits,
109,109,CARDIOLOGY (01-4),Chronic Care—See General Schedule,
109,109,CARDIOLOGY (01-4),Concomitant Care,
110,110,GASTROENTEROLOGY (01-5),"Office, Home Visits",
111,111,GASTROENTEROLOGY (01-5),Continuing Patient Care Management by Medical Specialists,
112,112,GASTROENTEROLOGY (01-5),Hospital Care,
112,112,GASTROENTEROLOGY (01-5),Special Call—See General Schedule,
112,112,GASTROENTEROLOGY (01-5),Virtual Visits,
113,113,GASTROENTEROLOGY (01-5),Concomitant Care,
114,114,GASTROENTEROLOGY (01-5),Chronic Care—See General Schedule,
115,115,NEPHROLOGY (01-6),"Office, Home Visits",
116,116,NEPHROLOGY (01-6),Continuing Patient Care Management by Medical Specialists,
117,117,NEPHROLOGY (01-6),Hospital Care,
117,117,NEPHROLOGY (01-6),Special Call—See General Schedule,
117,117,NEPHROLOGY (01-6),Virtual Visits,
118,118,NEPHROLOGY (01-6),Concomitant Care,
119,119,NEPHROLOGY (01-6),Chronic Care—See General Schedule,
120,120,ALLERGY & CLINICAL IMMUNOLOGY (01-7),"Office, Home Visits",
121,121,ALLERGY & CLINICAL IMMUNOLOGY (01-7),Continuing Patient Care Management by Medical Specialists,
122,122,ALLERGY & CLINICAL IMMUNOLOGY (01-7),Hospital Care,
122,122,ALLERGY & CLINICAL IMMUNOLOGY (01-7),Special Call—See General Schedule,
122,122,ALLERGY & CLINICAL IMMUNOLOGY (01-7),Virtual Visits,
123,123,ALLERGY & CLINICAL IMMUNOLOGY (01-7),Chronic Care—See General Schedule,
123,123,ALLERGY & CLINICAL IMMUNOLOGY (01-7),Concomitant Care,
124,124,MEDICAL GENETICS (01-8),"Office, Home Visits",
125,125,MEDICAL GENETICS (01-8),Continuing Patient Care Management by Medical Specialists,
126,126,MEDICAL GENETICS (01-8),Hospital Care,
126,126,MEDICAL GENETICS (01-8),Special Call—See General Schedule,
126,127,MEDICAL GENETICS (01-8),Virtual Visits,
128,128,MEDICAL GENETICS (01-8),Chronic Care—See General Schedule,
128,128,MEDICAL GENETICS (01-8),Concomitant Care,
129,129,ENDOCRINOLOGY (13-1),"Office, Home Visits",
130,130,ENDOCRINOLOGY (13-1),Continuing Patient Care Management by Medical Specialists,
131,131,ENDOCRINOLOGY (13-1),Hospital Care,
131,131,ENDOCRINOLOGY (13-1),Special Call—See General Schedule,
131,132,ENDOCRINOLOGY (13-1),Virtual Visits,
133,133,ENDOCRINOLOGY (13-1),Chronic Care—See General Schedule,
133,133,ENDOCRINOLOGY (13-1),Concomitant Care,
134,134,INFECTIOUS DISEASE (13-3),"Office, Home Visits",
135,135,INFECTIOUS DISEASE (13-3),Continuing Patient Care Management by Medical Specialists,
136,136,INFECTIOUS DISEASE (13-3),Hospital Care,
136,136,INFECTIOUS DISEASE (13-3),Special Call—See General Schedule,
136,137,INFECTIOUS DISEASE (13-3),Virtual Visits,
138,138,INFECTIOUS DISEASE (13-3),Chronic Care—See General Schedule,
138,138,INFECTIOUS DISEASE (13-3),Concomitant Care,
139,139,RESPIROLOGY (13-4),"Office, Home Visits",
140,140,RESPIROLOGY (13-4),Continuing Patient Care Management by Medical Specialists,
141,141,RESPIROLOGY (13-4),Hospital Care,
141,141,RESPIROLOGY (13-4),Special Call—See General Schedule,
141,142,RESPIROLOGY (13-4),Virtual Visits,
143,143,RESPIROLOGY (13-4),Chronic Care—See General Schedule,
143,143,RESPIROLOGY (13-4),Concomitant Care,
144,144,PAEDIATRICS (02),"Office, Home Visits",
145,145,PAEDIATRICS (02),Virtual Visits,
146,148,PAEDIATRICS (02),Extended Clinic Hours Premium,
149,149,PAEDIATRICS (02),Hospital Care,
149,151,PAEDIATRICS (02),Special Call—See General Schedule,
152,152,PAEDIATRICS (02),Concomitant Care,
152,152,PAEDIATRICS (02),"Neonatal and Paediatric Intensive, Comprehensive Critical Care and Ventilatory Support Fee Schedule",
153,153,PAEDIATRICS (02),Neonatal Intensive Care,
154,154,PAEDIATRICS (02),Comprehensive Care,
154,154,PAEDIATRICS (02),Critical Care—(Without Ventilator Support),
155,155,PAEDIATRICS (02),Ventilatory Support,
156,156,PSYCHIATRY (03),"Office, Home Visits",
156,157,PSYCHIATRY (03),Psychiatry General,
158,158,PSYCHIATRY (03),Community Psychiatric Care for Acute Mental Health Patients,
158,162,PSYCHIATRY (03),Virtual Visits,
163,163,PSYCHIATRY (03),Hospital Care,
163,165,PSYCHIATRY (03),Special Call—See General Schedule,
166,166,PSYCHIATRY (03),Concomitant Care,
167,167,PSYCHIATRY (03),Electroconvulsive Therapy,
167,167,PSYCHIATRY (03),Psychiatric Care,
167,169,PSYCHIATRY (03),Psychotherapy (With or Without Intravenous Drugs),
170,170,GENERAL SURGERY (04-1),"Office, Home Visits",
170,170,GENERAL SURGERY (04-1),Special Call—See General Schedule,
170,170,GENERAL SURGERY (04-1),Virtual Visits,
171,171,GENERAL SURGERY (04-1),Concomitant Care,
171,171,GENERAL SURGERY (04-1),Hospital Care,
172,172,GENERAL SURGERY (04-1),Chronic Care—See General Schedule,
173,173,CARDIAC SURGERY (04-2),"Office, Home Visits",
173,173,CARDIAC SURGERY (04-2),Special Call—See General Schedule,
173,173,CARDIAC SURGERY (04-2),Virtual Visits,
174,174,CARDIAC SURGERY (04-2),Concomitant Care,
174,174,CARDIAC SURGERY (04-2),Hospital Care,
175,175,CARDIAC SURGERY (04-2),Chronic Care—See General Schedule,
176,176,PLASTIC & RECONSTRUCTIVE SURGERY (04-3),"Office, Home Visits",
176,176,PLASTIC & RECONSTRUCTIVE SURGERY (04-3),Special Call—See General Schedule,
176,176,PLASTIC & RECONSTRUCTIVE SURGERY (04-3),Virtual Visits,
177,177,PLASTIC & RECONSTRUCTIVE SURGERY (04-3),Chronic Care—See General Schedule,
177,177,PLASTIC & RECONSTRUCTIVE SURGERY (04-3),Concomitant Care,
177,177,PLASTIC & RECONSTRUCTIVE SURGERY (04-3),Hospital Care,
178,178,UROLOGY (04-4),"Office, Home Visits",
178,178,UROLOGY (04-4),Special Call—See General Schedule,
178,178,UROLOGY (04-4),Virtual Visits,
179,179,UROLOGY (04-4),Chronic Care—See General Schedule,
179,179,UROLOGY (04-4),Concomitant Care,
179,179,UROLOGY (04-4),Hospital Care,
180,180,ORTHOPAEDIC SURGERY (04-5),"Office, Home Visits",
181,181,ORTHOPAEDIC SURGERY (04-5),Special Call—See General Schedule,
181,181,ORTHOPAEDIC SURGERY (04-5),Virtual Visits,
182,182,ORTHOPAEDIC SURGERY (04-5),Concomitant Care,
182,182,ORTHOPAEDIC SURGERY (04-5),Hospital Care,
183,183,ORTHOPAEDIC SURGERY (04-5),Chronic Care—See General Schedule,
184,184,NEUROLOGICAL SURGERY (04-6),"Office, Home Visits",
185,185,NEUROLOGICAL SURGERY (04-6),Hospital Care,
185,185,NEUROLOGICAL SURGERY (04-6),Special Call—See General Schedule,
185,185,NEUROLOGICAL SURGERY (04-6),Virtual Visits,
186,186,NEUROLOGICAL SURGERY (04-6),Chronic Care—See General Schedule,
186,186,NEUROLOGICAL SURGERY (04-6),Concomitant Care,
187,187,OPHTHALMOLOGY (05-1),"Office, Home Visits",
188,188,OPHTHALMOLOGY (05-1),Concomitant Care,
188,188,OPHTHALMOLOGY (05-1),Hospital Care,
188,188,OPHTHALMOLOGY (05-1),Special Call—See General Schedule,
188,188,OPHTHALMOLOGY (05-1),Virtual Visits,
189,189,OPHTHALMOLOGY (05-1),Chronic Care—See General Schedule,
190,190,OTORHINOLARYNGOLOGY (05-2),"Office, Home Visits",
190,190,OTORHINOLARYNGOLOGY (05-2),Special Call—See General Schedule,
190,190,OTORHINOLARYNGOLOGY (05-2),Virtual Visits,
191,191,OTORHINOLARYNGOLOGY (05-2),Hospital Care,
192,192,OTORHINOLARYNGOLOGY (05-2),Chronic Care—See General Schedule,
192,192,OTORHINOLARYNGOLOGY (05-2),Concomitant Care,
193,193,DERMATOLOGY (06),"Office, Home Visits",
194,194,DERMATOLOGY (06),Continuing Patient Care Management by Medical Specialists,
194,194,DERMATOLOGY (06),Virtual Visits,
195,195,DERMATOLOGY (06),Chronic Care—See General Schedule,
195,195,DERMATOLOGY (06),Concomitant Care,
195,195,DERMATOLOGY (06),Hospital Care,
195,195,DERMATOLOGY (06),Special Call—See General Schedule,
196,196,DERMATOLOGY (06),Hospital Care,
196,196,DERMATOLOGY (06),"RADIOLOGY (07, 07-1, 07-2, 07-6)",
197,197,OBSTETRICS AND GYNAECOLOGY (09),"Office, Home Visits",
198,198,OBSTETRICS AND GYNAECOLOGY (09),Hospital Care,
198,198,OBSTETRICS AND GYNAECOLOGY (09),Obstetrical care—See Obstetrical Benefits/Female Genital Section,
198,198,OBSTETRICS AND GYNAECOLOGY (09),Special Call—See General Schedule,
198,198,OBSTETRICS AND GYNAECOLOGY (09),Virtual Visits,
199,199,OBSTETRICS AND GYNAECOLOGY (09),Chronic Care—See General Schedule,
199,199,OBSTETRICS AND GYNAECOLOGY (09),Concomitant Care,
200,200,ANESTHESIOLOGY (10),Concomitant Care,
200,200,ANESTHESIOLOGY (10),Hospital Care,
200,200,ANESTHESIOLOGY (10),"Office, Home Visits",
200,200,ANESTHESIOLOGY (10),Special Call—See General Schedule,
200,200,ANESTHESIOLOGY (10),Virtual Visits,
201,202,GENERAL PRACTICE (11),"Office, Home Visits",
203,203,GENERAL PRACTICE (11),Care of the Elderly (COE),
203,203,GENERAL PRACTICE (11),Virtual Visits,
204,206,GENERAL PRACTICE (11),Family Medicine Plus,
207,208,GENERAL PRACTICE (11),Extended Clinic Hours Premium,
209,209,GENERAL PRACTICE (11),Hospital Care,
209,210,GENERAL PRACTICE (11),Special Call—See General Schedule,
211,211,GENERAL PRACTICE (11),Chronic Care—See General Schedule,
211,211,GENERAL PRACTICE (11),Concomitant Care,
212,217,GENERAL PRACTICE (11),Chronic Disease Management,
218,218,EMERGENCY MEDICINE (11-3),Hospital Care,
218,218,EMERGENCY MEDICINE (11-3),"Office, Home Visits",
218,218,EMERGENCY MEDICINE (11-3),Virtual Visits,
219,220,PHYSICAL MEDICINE AND REHABILITATION (12),"Office, Home Visits",
221,221,PHYSICAL MEDICINE AND REHABILITATION (12),Virtual Visits,
222,222,PHYSICAL MEDICINE AND REHABILITATION (12),Hospital Care,
222,223,PHYSICAL MEDICINE AND REHABILITATION (12),Special Call—See General Schedule,
224,224,PHYSICAL MEDICINE AND REHABILITATION (12),Chronic Care—See General Schedule,
224,224,PHYSICAL MEDICINE AND REHABILITATION (12),Concomitant Care,
225,225,VASCULAR SURGERY (14-1),Hospital Care,
225,225,VASCULAR SURGERY (14-1),"Office, Home Visits",
225,225,VASCULAR SURGERY (14-1),Special Call—See General Schedule,
225,225,VASCULAR SURGERY (14-1),Virtual Visits,
226,226,VASCULAR SURGERY (14-1),Chronic Care—See General Schedule,
226,226,VASCULAR SURGERY (14-1),Concomitant Care,
227,227,THORACIC SURGERY (14-2),Hospital Care,
227,227,THORACIC SURGERY (14-2),"Office, Home Visits",
227,227,THORACIC SURGERY (14-2),Special Call—See General Schedule,
227,227,THORACIC SURGERY (14-2),Virtual Visits,
228,228,THORACIC SURGERY (14-2),Chronic Care—See General Schedule,
228,228,THORACIC SURGERY (14-2),Concomitant Care,
229,229,MALIGNANT DISEASE SPECIALIST (15),"Office, Home Visits",
229,229,MALIGNANT DISEASE SPECIALIST (15),Virtual Visits,
230,230,MALIGNANT DISEASE SPECIALIST (15),Concomitant Care,
230,230,MALIGNANT DISEASE SPECIALIST (15),Hospital Care,
230,230,MALIGNANT DISEASE SPECIALIST (15),Special Call—See General Schedule,
231,231,RADIATION ONCOLOGY SPECIALIST (15-8),"Office, Home Visits",
231,231,RADIATION ONCOLOGY SPECIALIST (15-8),Special Call—See General Schedule,
231,231,RADIATION ONCOLOGY SPECIALIST (15-8),Virtual Visits,
232,232,RADIATION ONCOLOGY SPECIALIST (15-8),Concomitant Care,
232,232,RADIATION ONCOLOGY SPECIALIST (15-8),Hospital Care,
232,232,RADIATION ONCOLOGY SPECIALIST (15-8),Radiotherapy—Teletherapy,
233,234,RADIATION ONCOLOGY SPECIALIST (15-8),Radiotherapy—Brachytherapy,
235,236,GENERAL SCHEDULE,After Hours Premiums,
237,237,GENERAL SCHEDULE,Special Call/Special Call Rule of Application 3,
238,238,GENERAL SCHEDULE,Detention and Transport by Air Ambulance—Critically Ill Patient,
238,238,GENERAL SCHEDULE,Detention and Transport—Critically Ill Patient,
239,239,GENERAL SCHEDULE,Inter-Facility Transfer,
239,239,GENERAL SCHEDULE,Medical Management of Ectopic Pregnancy,
239,239,GENERAL SCHEDULE,Resuscitation—By Non-Anesthetists (or By Anesthetists Outside the Operating Room),
240,240,GENERAL SCHEDULE,Addictions Medicine in the Community,
240,241,GENERAL SCHEDULE,Community-Based Clinical Services,
242,246,GENERAL SCHEDULE,Telephone/Facsimile/Email Communications,
247,247,GENERAL SCHEDULE,Case Management Conference,
248,248,GENERAL SCHEDULE,Shared Care Conference,
249,249,GENERAL SCHEDULE,Acute Psychiatric Patient Case Transition Conference,
249,249,GENERAL SCHEDULE,Patient Care Family Conference,
250,250,GENERAL SCHEDULE,Manitoba Home Nutrition Patient Care Conference,
251,251,GENERAL SCHEDULE,Psychotherapy,
252,252,GENERAL SCHEDULE,Electroconvulsive Therapy,
252,252,GENERAL SCHEDULE,Medical Assistance in Dying,
252,252,GENERAL SCHEDULE,Palliative Care,
253,253,GENERAL SCHEDULE,Chronic Care,
253,253,GENERAL SCHEDULE,Sexual Assault,
254,254,GENERAL SCHEDULE,Blood Alcohol Sampling,
255,255,GENERAL SCHEDULE,Application/Assessment for Long Term Care,
255,255,GENERAL SCHEDULE,Community–Based Practice Support,
255,255,GENERAL SCHEDULE,Complete Eye Examination,
255,255,GENERAL SCHEDULE,Tray Fees,
255,255,GENERAL SCHEDULE,Well Baby Care,
256,257,GENERAL SCHEDULE,Morbidly Obese Patients: BMI Supplements,
258,258,GENERAL SCHEDULE,Intra-operative Lysis of Adhesions,
258,258,GENERAL SCHEDULE,Laparoscopic surgery,
259,259,GENERAL SCHEDULE,Midwifery Assessment and Report,
260,260,GENERAL SCHEDULE,Telemedicine,
261,261,GENERAL SCHEDULE,Telestroke,
262,262,GENERAL SCHEDULE,E-Consultations,
263,263,GENERAL SCHEDULE,Diabetic Care,
263,263,GENERAL SCHEDULE,Psoralen Ultra Violet A Treatment,
263,264,GENERAL SCHEDULE,Therapeutic Plasmapheresis By Cell Separator,
265,265,GENERAL SCHEDULE,Diagnostic and Therapeutic Anesthetic Procedures,
265,265,GENERAL SCHEDULE,THERAPEUTIC INJECTIONS AND IMMUNIZATIONS,
265,266,GENERAL SCHEDULE,Therapeutic Injections,
267,269,GENERAL SCHEDULE,Chemotherapy (Community Cancer Care Program Network—See Tariff 8409),
270,271,GENERAL SCHEDULE,Active Immunizing Agents,
272,272,GENERAL SCHEDULE,Other Immunizing Agents,
272,272,GENERAL SCHEDULE,Passive Immunizing Agents,
273,273,GENERAL SCHEDULE,ALLERGY,
273,273,GENERAL SCHEDULE,Desensitization,
273,273,GENERAL SCHEDULE,Ingestant and Injection Challenges,
274,274,GENERAL SCHEDULE,Venom Immunotherapy,
275,278,GENERAL SCHEDULE,SURGICAL ASSISTANT,
279,279,ANESTHESIA,1. Definitions,
279,279,ANESTHESIA,2. Anesthetic Procedural Services,
279,279,ANESTHESIA,Part II—Rules of Application for Anesthesia Services,
279,279,ANESTHESIA,Part I—General Provisions,
280,280,ANESTHESIA,3. Pre–Anesthetic Evaluation,
280,280,ANESTHESIA,4. Anesthetic Procedural Modifiers,
281,281,ANESTHESIA,5. Diagnostic and Therapeutic Anesthetic Procedures,
281,281,ANESTHESIA,6. Chronic Pain Management Services,
282,282,ANESTHESIA,7. Monitored Anesthetic Care,
282,282,ANESTHESIA,8. Post Anesthetic Recovery,
282,282,ANESTHESIA,9. Visit Pages,
283,283,ANESTHESIA,10. Out–of–Hours Premiums,
283,283,ANESTHESIA,11. Calculation of Remuneration for Anesthetic Procedural Services,
284,284,ANESTHESIA,12. Pre–Operative Anesthesia Clinics,
284,284,ANESTHESIA,13. Special Invasive Procedures,
285,285,ANESTHESIA,14. Acute Pain Services,
285,285,ANESTHESIA,15. Consultation,
286,286,ANESTHESIA,16. Requirement for Second Anesthetist,
286,286,ANESTHESIA,17. Sites and Services,
286,286,ANESTHESIA,18. Anesthetic Services,
286,286,ANESTHESIA,Part III—In–Hospital On–Call Anesthesia Coverage,
287,287,ANESTHESIA,19. In–Hospital On–Call Anesthesia Coverage for Obstetrics,
287,288,ANESTHESIA,20. Provision of Anesthetic Services During In–Hospital On–Call Anesthesia Coverage,
289,289,ANESTHESIA,21. Coverage,
289,289,ANESTHESIA,22. Out–of–Hospital On–Call Anesthesia Coverage,
289,289,ANESTHESIA,23. Community Facilities,
289,289,ANESTHESIA,Part IV—Out–of–Hospital On–Call Anesthesia Coverage,
290,290,ANESTHESIA,24. Tertiary Facilities,
290,290,ANESTHESIA,25. Rural Facilities,
290,290,ANESTHESIA,26. Call Back to Hospital,
291,291,ANESTHESIA,27. Special Call,
291,291,ANESTHESIA,28. Guidelines,
291,293,ANESTHESIA,Part V—Guidelines for Anesthesia Consultations,
294,294,ANESTHESIA,29. Guiding Principles,
294,294,ANESTHESIA,30. The Committee,
294,294,ANESTHESIA,31. Terms of Reference,
294,294,ANESTHESIA,32. Dispute Resolution,
294,294,ANESTHESIA,Part VI—Anesthesia Committee,
295,313,APPENDICES,Appendix A—Anesthetic Procedural Services,
314,318,APPENDICES,Appendix B—Diagnostic and Therapeutic Anesthetic Procedures,
319,319,APPENDICES,Appendix C—Physicians Eligible to Claim for Chronic Pain Management Services,
320,320,APPENDICES,Appendix D—Holidays,
321,321,APPENDICES,Appendix E—Out–of–Hospital On–Call Anesthesia Coverage—Remuneration,
322,323,APPENDICES,Appendix F—Examples: Calculation of Remuneration for Anesthetic Procedural Services,
324,328,APPENDICES,Premiums,
329,329,INTEGUMENTARY SYSTEM,Cutaneous Procedures,
329,329,INTEGUMENTARY SYSTEM,Incision,
329,329,INTEGUMENTARY SYSTEM,Investigation,
329,329,INTEGUMENTARY SYSTEM,Surgical Procedures,
330,330,INTEGUMENTARY SYSTEM,Revision and Repair,
331,331,INTEGUMENTARY SYSTEM,"0000 ............... B-32, C-41 0134 ............... D-12 0257 ............... C-19,",
331,331,INTEGUMENTARY SYSTEM,"0001 ............... B-21 0140 ............... C-19, D-10 0258 ............... C-19,",
331,331,INTEGUMENTARY SYSTEM,Resection,
332,332,INTEGUMENTARY SYSTEM,"0003 ............... B-22 0141 ............... C-19, D-10 0259 ............... C-19,",
332,332,INTEGUMENTARY SYSTEM,"0005 ............... B-22, J-8, N-4 0142 ............... C-19, D-10 0260",
332,332,INTEGUMENTARY SYSTEM,Burns,
332,332,INTEGUMENTARY SYSTEM,Debridement,
332,332,INTEGUMENTARY SYSTEM,Dressings,
333,333,INTEGUMENTARY SYSTEM,"0021 ............... B-22 0143 ............... C-19, D-10 0261 ............... C-19,",
333,333,INTEGUMENTARY SYSTEM,Reconstructive and Plastic Surgery,
334,334,INTEGUMENTARY SYSTEM,Excision and/or Repair by Direct Closure of a Laceration Resulting in Linear Closure,
334,334,INTEGUMENTARY SYSTEM,Excision and/or Repair by Direct Closure of a Lesion Resulting in Linear Closure,
334,334,INTEGUMENTARY SYSTEM,"Eyelids, Ears, Lips, Nose, Mucous Membrane",
334,334,INTEGUMENTARY SYSTEM,"Face, Scalp, Neck, Genitalia, Hands, Feet",
334,334,INTEGUMENTARY SYSTEM,"Trunk, Arms, Legs",
334,334,INTEGUMENTARY SYSTEM,"Trunk, Arms, Legs",
335,335,INTEGUMENTARY SYSTEM,"Arms, Legs, and Scalp",
335,335,INTEGUMENTARY SYSTEM,"Axilla, Cheeks, Chin, Feet, Forehead, Genitalia, Hands, Mouth and Neck",
335,335,INTEGUMENTARY SYSTEM,"Ears, Eyelids, Lips and Nose",
335,335,INTEGUMENTARY SYSTEM,Excision and/or Repair of a Lesion Resulting in Complex Multilayered Closure Requiring Undermining,
335,335,INTEGUMENTARY SYSTEM,"Eyelids, Ears, Lips, Nose, Mucous Membrane",
335,335,INTEGUMENTARY SYSTEM,"Face, Scalp, Neck, Genitalia, Hands, Feet",
335,335,INTEGUMENTARY SYSTEM,Trunk,
336,336,INTEGUMENTARY SYSTEM,"0050 ............... B-23 0147 ............... C-19, D-10 0287 ............... C-19,",
336,336,INTEGUMENTARY SYSTEM,"0070 ............... B-6 0148 ............... C-19, D-10 0288 ............... C-19,",
336,336,INTEGUMENTARY SYSTEM,"0100 ............... D-6 0149 ............... C-19, D-10 0289 ............... C-19,",
336,336,INTEGUMENTARY SYSTEM,"0101 ............... C-19, D-1 0170 ............... C-19, D-1 0290 ............... C-19,",
336,336,INTEGUMENTARY SYSTEM,"0103 ............... C-19, D-1 0171 ............... C-19, D-1 0291 ............... C-19,",
336,336,INTEGUMENTARY SYSTEM,"0104 ............... C-19, D-6 0172 ............... C-19, D-1 0292 ............... C-19,",
336,336,INTEGUMENTARY SYSTEM,"0105 ............... C-19, D-6 0216 ............... C-19, D-7 0293 ............... C-19,",
336,336,INTEGUMENTARY SYSTEM,"0106 ............... C-19, D-1 0217 ............... C-19, D-7 0294 ............... C-19,",
336,336,INTEGUMENTARY SYSTEM,"0107 ............... C-19, D-6 0218 ............... C-19, D-7 0295 ............... C-19,",
336,336,INTEGUMENTARY SYSTEM,"0108 ............... C-19, D-6 0219 ............... C-19, D-7 0296 ............... C-19,",
336,336,INTEGUMENTARY SYSTEM,"0109 ............... C-19, D-6 0220 ............... C-19, D-7 0297 ............... C-19,",
336,336,INTEGUMENTARY SYSTEM,"0110 ............... C-19, D-6 0221 ............... C-19, D-7 0298 ............... C-19,",
336,336,INTEGUMENTARY SYSTEM,"0111 ............... C-19, D-6 0222 ............... C-19, D-7 0299 ............... C-19,",
336,336,INTEGUMENTARY SYSTEM,"0112 ............... C-19, D-6 0223 ............... C-19, D-7 0300 ............... C-19,",
336,336,INTEGUMENTARY SYSTEM,"0113 ............... C-19, D-6 0224 ............... C-19, D-7 0301 ............... C-19,",
336,336,INTEGUMENTARY SYSTEM,"0114 ............... C-19, E-1 0225 ............... C-19, D-7 0302 ............... C-19,",
336,336,INTEGUMENTARY SYSTEM,Adjacent Tissue Transfer,
336,336,INTEGUMENTARY SYSTEM,"Arms, Legs and Scalp",
336,336,INTEGUMENTARY SYSTEM,"Axilla, Cheeks, Chin, Feet, Forehead, Genitalia, Hands, Mouth and Neck",
336,336,INTEGUMENTARY SYSTEM,"Ears, Eyelids, Lips and Nose",
336,336,INTEGUMENTARY SYSTEM,Trunk,
337,337,INTEGUMENTARY SYSTEM,"Hydradenitis Suppurative, Unilateral",
337,337,INTEGUMENTARY SYSTEM,"Hyperhidrosis, Unilateral",
337,337,INTEGUMENTARY SYSTEM,Repair Web Fingers,
337,337,INTEGUMENTARY SYSTEM,Rhytidectomy,
338,338,INTEGUMENTARY SYSTEM,"0117 ............... C-19, D-7 0227 ............... C-19, D-8 0304 ............... C-19,",
338,338,INTEGUMENTARY SYSTEM,"0118 ............... C-19, D-7 0230 ............... C-19, D-3 0305 ............... C-19,",
338,338,INTEGUMENTARY SYSTEM,"0119 ............... C-19, D-7 0240 ............... D-2 0306 ............... C-19,",
338,338,INTEGUMENTARY SYSTEM,Skin Grafts,
338,338,INTEGUMENTARY SYSTEM,Split Skin Grafts,
339,339,INTEGUMENTARY SYSTEM,"0121 ............... C-19, D-12 0245 ............... D-2 0308 ............... C-19,",
339,339,INTEGUMENTARY SYSTEM,"0122 ............... C-19, D-12 0247 ............... C-19, D-3 0309 ............... C-19,",
339,339,INTEGUMENTARY SYSTEM,"0123 ............... C-19, D-12 0248 ............... C-19, D-3 0310 ............... C-19,",
339,339,INTEGUMENTARY SYSTEM,Burns,
339,339,INTEGUMENTARY SYSTEM,Burns,
339,339,INTEGUMENTARY SYSTEM,Full Thickness Grafts,
340,340,INTEGUMENTARY SYSTEM,"0022 ............... B-22 0144 ............... D-10 0280 ............... C-19,",
340,340,INTEGUMENTARY SYSTEM,"0023 ............... B-23 0145 ............... C-19, D-10 0282 ............... C-19,",
340,340,INTEGUMENTARY SYSTEM,Benign and Malignant Lesions,
340,340,INTEGUMENTARY SYSTEM,Excision of Skin Cancer with En Face Frozen Sections,
340,340,INTEGUMENTARY SYSTEM,Mohs Micrographically Controlled Excision,
341,341,INTEGUMENTARY SYSTEM,"0124 ............... C-19, D-12 0249 ............... C-19, D-4 0311 ............... C-19,",
341,341,INTEGUMENTARY SYSTEM,"0125 ............... C-19, D-2 0250 ............... C-19, D-2 0312 ............... C-19,",
341,341,INTEGUMENTARY SYSTEM,"0126 ............... C-19, D-12 0251 ............... C-19, D-2, F-30 0313 ............... C-19,",
341,341,INTEGUMENTARY SYSTEM,"0127 ............... C-19, D-12 0252 ............... B-6 0314 ............... C-20,",
341,341,INTEGUMENTARY SYSTEM,"0128 ............... C-19, D-2 0253 ............... C-19, D-3 0315 ............... C-20,",
341,341,INTEGUMENTARY SYSTEM,"0129 ............... C-19, D-2 0254 ............... C-19, D-3 0316 ............... C-20,",
341,341,INTEGUMENTARY SYSTEM,"0130 ............... C-19, D-1 0255 ............... C-19, D-3 0317 ............... C-20,",
341,341,INTEGUMENTARY SYSTEM,"0133 ............... D-12 0256 ............... C-19, D-1 0318 ............... C-20,",
341,341,INTEGUMENTARY SYSTEM,Reconstruction by the Distant Transfer of Tissue,
342,342,INTEGUMENTARY SYSTEM,Free Muscle and Skin Flap Transfer,
342,342,INTEGUMENTARY SYSTEM,Free Tissue Transfer,
342,342,INTEGUMENTARY SYSTEM,Grafts to Special Sites,
342,342,INTEGUMENTARY SYSTEM,Innervated Free Island Skin and Tissue Transfer,
342,342,INTEGUMENTARY SYSTEM,Reimplantation Involving Vascular and Neuroanastomosis,
343,343,INTEGUMENTARY SYSTEM,Free Innervated Myocutaneous Flap Including Tendon and Nerve,
343,343,INTEGUMENTARY SYSTEM,Free Osseocutaneous Tissue Transfer,
343,343,INTEGUMENTARY SYSTEM,Free Osseous Tissue Transfer,
343,343,INTEGUMENTARY SYSTEM,Free Toe or Finger Transfer,
343,344,INTEGUMENTARY SYSTEM,Myocutaneous Flaps,
345,345,BREAST,Incision,
345,345,BREAST,Investigation,
345,345,BREAST,Revision or Repair,
346,346,BREAST,"0024 ............... B-23 0146 ............... C-19, D-10 0286 ............... C-19, D-8,",
346,346,BREAST,"0120 ............... C-19, D-7 0241 ............... D-3 0307 ............... C-19, D-11,",
346,346,BREAST,Nipple,
346,346,BREAST,Nipple and Areola Reconstruction,
347,347,BREAST,"0116 ............... C-19, D-7 0226 ............... C-19, D-7 0303 ............... C-19, D-10,",
347,347,BREAST,Areola,
347,347,BREAST,Combined Surgery,
347,348,BREAST,Resection,
349,349,MUSCULOSKELETAL SYSTEM,Bones,
349,349,MUSCULOSKELETAL SYSTEM,Gustillo Fracture,
350,350,MUSCULOSKELETAL SYSTEM,Alteration of Limb Length,
350,350,MUSCULOSKELETAL SYSTEM,Bone Graft,
350,350,MUSCULOSKELETAL SYSTEM,"Bone Wiring, Etc",
350,350,MUSCULOSKELETAL SYSTEM,Musculoskeletal Oncology Surgical Services,
351,351,MUSCULOSKELETAL SYSTEM,Excision of Bone,
351,351,MUSCULOSKELETAL SYSTEM,Osteomyelitis,
352,352,MUSCULOSKELETAL SYSTEM,Craniofacial Surgery,
352,354,MUSCULOSKELETAL SYSTEM,Osteotomy,
355,355,MUSCULOSKELETAL SYSTEM,Anterior Instrumentation,
355,355,MUSCULOSKELETAL SYSTEM,Anterior and Posterior Procedures,
355,355,MUSCULOSKELETAL SYSTEM,Decompression,
355,355,MUSCULOSKELETAL SYSTEM,Spine,
355,355,MUSCULOSKELETAL SYSTEM,Spine Approach,
356,356,MUSCULOSKELETAL SYSTEM,Cervico-Thoracic-Lumbar,
356,356,MUSCULOSKELETAL SYSTEM,Fusion-Cervical,
356,356,MUSCULOSKELETAL SYSTEM,Posterior Fusion,
357,357,MUSCULOSKELETAL SYSTEM,Alif or Plif,
357,357,MUSCULOSKELETAL SYSTEM,Bone Graft,
357,357,MUSCULOSKELETAL SYSTEM,Miscellaneous,
358,358,MUSCULOSKELETAL SYSTEM,Facial Bones,
358,358,MUSCULOSKELETAL SYSTEM,Fractures,
358,358,MUSCULOSKELETAL SYSTEM,Head,
359,359,MUSCULOSKELETAL SYSTEM,Pelvis,
359,359,MUSCULOSKELETAL SYSTEM,Spine and Trunk,
359,359,MUSCULOSKELETAL SYSTEM,Upper Extremity,
360,360,MUSCULOSKELETAL SYSTEM,Lower Extremity,
361,361,MUSCULOSKELETAL SYSTEM,Gustillo Fracture,
362,362,MUSCULOSKELETAL SYSTEM,Arthroscopic Procedures,
362,362,MUSCULOSKELETAL SYSTEM,Elbow (Arthroscopic),
362,362,MUSCULOSKELETAL SYSTEM,Joints,
362,362,MUSCULOSKELETAL SYSTEM,Shoulder,
363,363,MUSCULOSKELETAL SYSTEM,Wrist,
364,364,MUSCULOSKELETAL SYSTEM,Hip,
364,364,MUSCULOSKELETAL SYSTEM,Knee,
365,365,MUSCULOSKELETAL SYSTEM,Ankle,
366,366,MUSCULOSKELETAL SYSTEM,"Manipulation, (Independent Procedures)",
367,367,MUSCULOSKELETAL SYSTEM,Arthrectomy,
367,367,MUSCULOSKELETAL SYSTEM,Arthrodesis,
368,371,MUSCULOSKELETAL SYSTEM,Arthroplasty,
372,372,MUSCULOSKELETAL SYSTEM,Arthrotomy or Capsulotomy,
372,373,MUSCULOSKELETAL SYSTEM,Dislocation,
374,374,MUSCULOSKELETAL SYSTEM,Bursa,
374,374,MUSCULOSKELETAL SYSTEM,Suture,
374,374,MUSCULOSKELETAL SYSTEM,Synovectomy,
375,375,MUSCULOSKELETAL SYSTEM,Excision,
375,375,MUSCULOSKELETAL SYSTEM,Incision,
375,375,MUSCULOSKELETAL SYSTEM,Muscles,
375,375,MUSCULOSKELETAL SYSTEM,"Tendons, Tendon Sheaths and Fascia",
376,376,MUSCULOSKELETAL SYSTEM,Excision,
376,376,MUSCULOSKELETAL SYSTEM,Repair,
377,377,MUSCULOSKELETAL SYSTEM,Elbow and Humerous Repair codes,
378,378,MUSCULOSKELETAL SYSTEM,Amputation,
378,378,MUSCULOSKELETAL SYSTEM,Lower Extremity,
378,378,MUSCULOSKELETAL SYSTEM,Upper Extremity Unit Value,
379,380,MUSCULOSKELETAL SYSTEM,Plaster Casts (Independent Procedures Only),
381,381,RESPIRATORY SYSTEM,External,
381,381,RESPIRATORY SYSTEM,Internal,
381,381,RESPIRATORY SYSTEM,Nose,
382,382,RESPIRATORY SYSTEM,Sinuses,
383,383,RESPIRATORY SYSTEM,Combined Intranasal Procedures,
384,384,RESPIRATORY SYSTEM,Larynx,
385,385,RESPIRATORY SYSTEM,Trachea and Bronchi,
386,386,RESPIRATORY SYSTEM,Lungs and Pleura,
387,387,RESPIRATORY SYSTEM,Ribs and Chest Wall,
387,387,RESPIRATORY SYSTEM,Video Assisted Pleurolysis,
388,389,RESPIRATORY SYSTEM,Lung Function Tests,
390,390,RESPIRATORY SYSTEM,Gas Exchange With or Without Exercise Studies,
390,390,RESPIRATORY SYSTEM,Pulmonary Provocation Studies,
391,391,RESPIRATORY SYSTEM,Six Minute Walking Test,
391,391,RESPIRATORY SYSTEM,Sleep Study,
391,391,RESPIRATORY SYSTEM,pediatric oximetry studies,
392,392,RESPIRATORY SYSTEM,Portable Sleep Study and Auto CPAP Titration,
393,393,CARDIOVASCULAR SYSTEM,Code Stemi Ecg Interpretation,
393,393,CARDIOVASCULAR SYSTEM,Heart and Pericardium,
394,394,CARDIOVASCULAR SYSTEM,Echocardiography,
394,395,CARDIOVASCULAR SYSTEM,Vascular Testing,
396,396,CARDIOVASCULAR SYSTEM,Cardiac Electrophysiology,
396,396,CARDIOVASCULAR SYSTEM,Pacemaker,
397,397,CARDIOVASCULAR SYSTEM,Cardiac Surgery,
397,397,CARDIOVASCULAR SYSTEM,Extra Corporeal Membrane Oxygenation (ECMO),
397,397,CARDIOVASCULAR SYSTEM,Ventricular Assist Device,
398,398,CARDIOVASCULAR SYSTEM,Percutaneous Mitral Valve Repair,
398,398,CARDIOVASCULAR SYSTEM,Transcatheter aortic valve implantation (TAVI),
399,399,CARDIOVASCULAR SYSTEM,Open Heart Surgery,
399,402,CARDIOVASCULAR SYSTEM,Transcatherter Procedures,
403,403,CARDIOVASCULAR SYSTEM,"Aneurysm, Aorta—Repair/Reconstruction",
403,403,CARDIOVASCULAR SYSTEM,Angiography—See Angiography,
403,403,CARDIOVASCULAR SYSTEM,Arteries,
404,404,CARDIOVASCULAR SYSTEM,"Aneurysm, Peripheral Vessels—Repair/Reconstruction",
404,404,CARDIOVASCULAR SYSTEM,"Aneurysm, Traumatic—Repair/Reconstruction",
404,404,CARDIOVASCULAR SYSTEM,Arterio-Venous Fistula,
404,404,CARDIOVASCULAR SYSTEM,"Arteriotomy, for Removal of Embolus",
405,405,CARDIOVASCULAR SYSTEM,"Grafting, Bypass Graft",
406,406,CARDIOVASCULAR SYSTEM,Profundoplasty,
406,406,CARDIOVASCULAR SYSTEM,Thromboendarterectomy (Independent Procedures),
406,406,CARDIOVASCULAR SYSTEM,"Wound or Injury of Major Artery, Repair",
407,407,CARDIOVASCULAR SYSTEM,Arterial Graft Re-Do Operations,
407,407,CARDIOVASCULAR SYSTEM,Infected Abdominal Aortic Grafts,
407,407,CARDIOVASCULAR SYSTEM,Infected Extremity Prosthetic Grafts,
407,407,CARDIOVASCULAR SYSTEM,Intestinal Prosthetic Fistula,
408,408,CARDIOVASCULAR SYSTEM,Anastomotic Aneurysm,
408,408,Hemodialysis Arterio—Venous Fistula,,
408,408,Prosthetic Graft Fistula (3801),,
409,409,Autogenous Arterio-Venous Fistula (3800),Incision,
409,409,Autogenous Arterio-Venous Fistula (3800),Investigation—See Venograms,
409,409,Autogenous Arterio-Venous Fistula (3800),Veins,
410,410,Autogenous Arterio-Venous Fistula (3800),"Catheterization for Chemotherapy, Hyperalimentation or Hemodialysis",
410,410,Autogenous Arterio-Venous Fistula (3800),Revision and Repair,
410,410,Autogenous Arterio-Venous Fistula (3800),Varicose Veins—Items Include the Local Anesthetic,
411,411,Autogenous Arterio-Venous Fistula (3800),Incision,
411,411,Autogenous Arterio-Venous Fistula (3800),Resection,
411,411,Autogenous Arterio-Venous Fistula (3800),Revision and Repair,
412,412,Autogenous Arterio-Venous Fistula (3800),Angiograms,
412,412,Autogenous Arterio-Venous Fistula (3800),Angiography,
412,412,Autogenous Arterio-Venous Fistula (3800),Aortograms,
412,413,Autogenous Arterio-Venous Fistula (3800),Selective Angiograms,
414,414,Autogenous Arterio-Venous Fistula (3800),Angiocardiograms,
414,414,Autogenous Arterio-Venous Fistula (3800),Angiography,
414,414,Autogenous Arterio-Venous Fistula (3800),Femoral Arteriograms,
414,414,Autogenous Arterio-Venous Fistula (3800),Selective Venograms,
414,416,Autogenous Arterio-Venous Fistula (3800),Venograms,
417,417,Autogenous Arterio-Venous Fistula (3800),HEMIC AND LYMPHATIC SYSTEMS,
417,417,Autogenous Arterio-Venous Fistula (3800),Investigation,
417,417,Autogenous Arterio-Venous Fistula (3800),Lymph Nodes,
418,418,Autogenous Arterio-Venous Fistula (3800),Incision,
418,418,Autogenous Arterio-Venous Fistula (3800),Investigation,
418,418,Autogenous Arterio-Venous Fistula (3800),Repair,
418,418,Autogenous Arterio-Venous Fistula (3800),Resection,
418,418,Autogenous Arterio-Venous Fistula (3800),Revision and Repair,
418,418,Autogenous Arterio-Venous Fistula (3800),Spleen,
419,419,Autogenous Arterio-Venous Fistula (3800),Investigation,
419,419,Autogenous Arterio-Venous Fistula (3800),Mediastinum,
419,419,Autogenous Arterio-Venous Fistula (3800),Resection,
419,420,Autogenous Arterio-Venous Fistula (3800),Resection,
421,421,DIGESTIVE SYSTEM,Incision,
421,421,DIGESTIVE SYSTEM,Incision,
421,421,DIGESTIVE SYSTEM,Investigation,
421,421,DIGESTIVE SYSTEM,Investigation,
421,421,DIGESTIVE SYSTEM,Lips,
421,421,DIGESTIVE SYSTEM,Mouth,
421,421,DIGESTIVE SYSTEM,Resection,
421,421,DIGESTIVE SYSTEM,Revision and Repair,
422,422,DIGESTIVE SYSTEM,Incision,
422,422,DIGESTIVE SYSTEM,Incision,
422,422,DIGESTIVE SYSTEM,Investigation,
422,422,DIGESTIVE SYSTEM,Investigation,
422,422,DIGESTIVE SYSTEM,Palate,
422,422,DIGESTIVE SYSTEM,Resection,
422,422,DIGESTIVE SYSTEM,Resection,
422,422,DIGESTIVE SYSTEM,Revision and Repair,
422,422,DIGESTIVE SYSTEM,Revision and Repair—Cleft Palate,
422,422,DIGESTIVE SYSTEM,Tongue,
423,423,DIGESTIVE SYSTEM,Incision,
423,423,DIGESTIVE SYSTEM,Investigation,
423,423,DIGESTIVE SYSTEM,Pharynx,
423,423,DIGESTIVE SYSTEM,Resection,
423,423,DIGESTIVE SYSTEM,Revision and Repair,
424,424,DIGESTIVE SYSTEM,Incision,
424,424,DIGESTIVE SYSTEM,Investigation,
424,424,DIGESTIVE SYSTEM,Resection,
424,424,DIGESTIVE SYSTEM,Resection,
424,424,DIGESTIVE SYSTEM,Revision and Repair,
424,424,DIGESTIVE SYSTEM,Salivary Gland and Ducts,
425,425,DIGESTIVE SYSTEM,Abdomen,
425,425,DIGESTIVE SYSTEM,Incision,
425,425,DIGESTIVE SYSTEM,Investigation,
425,425,DIGESTIVE SYSTEM,Revision and Repair,
426,426,DIGESTIVE SYSTEM,Resection,
427,427,DIGESTIVE SYSTEM,Endoscopy,
427,427,DIGESTIVE SYSTEM,Peritonectomy and Installation of Heated Intraperitoneal Chemotherapy (HIPEC),
428,428,DIGESTIVE SYSTEM,Esophagus,
428,428,DIGESTIVE SYSTEM,Stomach,
429,429,DIGESTIVE SYSTEM,Small Intestine,
430,430,DIGESTIVE SYSTEM,Colon and Appendix,
430,430,DIGESTIVE SYSTEM,Rectum,
431,431,DIGESTIVE SYSTEM,Endoscopic Ultrasound,
432,432,DIGESTIVE SYSTEM,Esophagus,
432,432,DIGESTIVE SYSTEM,Incision,
432,432,DIGESTIVE SYSTEM,Investigation,
432,432,DIGESTIVE SYSTEM,Revision and Repair,
433,433,DIGESTIVE SYSTEM,Resection,
434,434,DIGESTIVE SYSTEM,Incision or Drainage,
434,434,DIGESTIVE SYSTEM,Investigation,
434,434,DIGESTIVE SYSTEM,Revision and Repair,
434,434,DIGESTIVE SYSTEM,Stomach,
435,435,DIGESTIVE SYSTEM,Incision,
435,435,DIGESTIVE SYSTEM,Investigation,
435,435,DIGESTIVE SYSTEM,Resection,
435,435,DIGESTIVE SYSTEM,Revision and Repair,
435,435,DIGESTIVE SYSTEM,Small Intestine,
436,436,DIGESTIVE SYSTEM,Colon and Appendix,
436,436,DIGESTIVE SYSTEM,Incision,
436,436,DIGESTIVE SYSTEM,Investigation,
436,436,DIGESTIVE SYSTEM,Resection,
436,436,DIGESTIVE SYSTEM,Revision and Repair,
437,437,DIGESTIVE SYSTEM,Incision,
437,437,DIGESTIVE SYSTEM,Investigation,
437,437,DIGESTIVE SYSTEM,Rectum,
437,437,DIGESTIVE SYSTEM,Resection,
437,437,DIGESTIVE SYSTEM,Revision and Repair,
438,438,DIGESTIVE SYSTEM,Anus,
438,438,DIGESTIVE SYSTEM,Incision,
438,438,DIGESTIVE SYSTEM,Investigation,
438,438,DIGESTIVE SYSTEM,Resection,
439,439,DIGESTIVE SYSTEM,Biliary Tract,
439,439,DIGESTIVE SYSTEM,Investigation,
439,439,DIGESTIVE SYSTEM,Resection,
439,439,DIGESTIVE SYSTEM,Revision and Repair,
440,440,DIGESTIVE SYSTEM,Incision,
440,440,DIGESTIVE SYSTEM,Investigation,
440,440,DIGESTIVE SYSTEM,Liver,
440,440,DIGESTIVE SYSTEM,Resection,
440,440,DIGESTIVE SYSTEM,Revision and Repair,
441,441,DIGESTIVE SYSTEM,Incision,
441,441,DIGESTIVE SYSTEM,Incision,
441,441,DIGESTIVE SYSTEM,Investigation,
441,441,DIGESTIVE SYSTEM,Pancreas,
441,441,DIGESTIVE SYSTEM,Resection,
441,441,DIGESTIVE SYSTEM,Revision and Repair,
441,441,DIGESTIVE SYSTEM,Revision and Repair,
442,442,DIGESTIVE SYSTEM,Resection,
443,443,URINARY SYSTEM,Urodynamic Studies,
444,444,URINARY SYSTEM,Cystoscopy Diagnostic,
444,444,URINARY SYSTEM,Kidney,
444,444,URINARY SYSTEM,Panendoscopy,
445,445,URINARY SYSTEM,Ureter,
446,446,URINARY SYSTEM,Extra Corporeal Shock Wave Lithotripsy,
446,446,URINARY SYSTEM,Percutaneous Transrenal Operative Procedures for Stone Removal,
447,447,URINARY SYSTEM,Bladder,
448,448,URINARY SYSTEM,Cystectomy,
448,448,URINARY SYSTEM,Cystoscopy Therapeutic,
449,449,URINARY SYSTEM,Urethra,
449,450,URINARY SYSTEM,Urethroscopy Therapeutic,
451,451,HEMODIALYSIS,Acute Renal Failure,
451,451,HEMODIALYSIS,Chronic Renal Failure,
452,452,HEMODIALYSIS,Acute Renal Failure,
452,452,HEMODIALYSIS,Chronic Renal Failure,
452,452,HEMODIALYSIS,Peritoneal Dialysis,
453,453,MALE GENITAL SYSTEM,Hypospadias,
453,453,MALE GENITAL SYSTEM,Penis,
453,453,MALE GENITAL SYSTEM,Treatment of Erectile Dysfunction,
454,454,MALE GENITAL SYSTEM,Epididymis,
454,454,MALE GENITAL SYSTEM,Testis,
454,454,MALE GENITAL SYSTEM,Tunica Vaginalis,
455,455,MALE GENITAL SYSTEM,Prostate,
455,455,MALE GENITAL SYSTEM,Scrotum,
455,455,MALE GENITAL SYSTEM,Seminal Vesicles,
455,455,MALE GENITAL SYSTEM,Spermatic Cord,
455,455,MALE GENITAL SYSTEM,Vas Deferens,
456,456,MALE GENITAL SYSTEM,Prostate Brachytherapy,
457,457,FEMALE GENITAL SYSTEM,Vulva,
458,458,FEMALE GENITAL SYSTEM,Vagina,
459,459,FEMALE GENITAL SYSTEM,Birth Control,
459,459,FEMALE GENITAL SYSTEM,Cervix,
459,459,FEMALE GENITAL SYSTEM,Vaginal Procedures on Cervix or Uterus,
460,460,FEMALE GENITAL SYSTEM,Operations for Prolapse or Incontinence,
460,460,FEMALE GENITAL SYSTEM,Uterus,
461,461,FEMALE GENITAL SYSTEM,Laparoscopic Surgery,
462,464,FEMALE GENITAL SYSTEM,Abdominal Operations,
465,465,FEMALE GENITAL SYSTEM,OBSTETRICS,
465,465,FEMALE GENITAL SYSTEM,Pregnancy and Maternity,
465,465,FEMALE GENITAL SYSTEM,Rule of Application 33,
466,466,FEMALE GENITAL SYSTEM,Obstetrical Benefits,
466,466,FEMALE GENITAL SYSTEM,Obstetrical Care,
467,467,FEMALE GENITAL SYSTEM,Induction of Labor,
467,467,FEMALE GENITAL SYSTEM,Management of Complications of First and Second Stage of Labor,
468,468,FEMALE GENITAL SYSTEM,Management of Complications of Third and Fourth Stages of Labor,
469,469,ENDOCRINE SYSTEM,Incision,
469,469,ENDOCRINE SYSTEM,Investigation,
469,469,ENDOCRINE SYSTEM,Parathyroid,
469,469,ENDOCRINE SYSTEM,Resection,
469,469,ENDOCRINE SYSTEM,Resection,
469,469,ENDOCRINE SYSTEM,Thyroid,
470,470,ENDOCRINE SYSTEM,Adrenal,
470,470,ENDOCRINE SYSTEM,Carotid Body,
470,470,ENDOCRINE SYSTEM,Endocrine and Metabolic Testing,
470,470,ENDOCRINE SYSTEM,Resection,
470,470,ENDOCRINE SYSTEM,Resection,
471,471,ENDOCRINE SYSTEM,Nephrologists Benefits,
471,472,ENDOCRINE SYSTEM,RENAL TRANSPLANTS,
473,475,NERVOUS SYSTEM,Diagnostic and Therapeutic Procedures,
476,476,NERVOUS SYSTEM,Botulinum Toxin,
476,476,NERVOUS SYSTEM,Botulinum Toxin for Hyperhidrosis,
476,476,NERVOUS SYSTEM,Nerve Lesioning for Spasticity Management,
477,477,NERVOUS SYSTEM,Implantable Intrathecal Drug Pumps,
477,477,NERVOUS SYSTEM,Pulsed or Continuous Radiofrequency Lesioning,
478,478,NERVOUS SYSTEM,Fluoroscopic Control,
478,478,NERVOUS SYSTEM,Nerve Blocks,
478,479,NERVOUS SYSTEM,Nerve block for hand surgery,
480,480,NERVOUS SYSTEM,Craniotomy Following Trauma,
480,480,NERVOUS SYSTEM,Craniotomy for Non-Traumatic Causes,
480,480,NERVOUS SYSTEM,"Skull, Meninges and Brain",
481,481,NERVOUS SYSTEM,Hydrocephalus,
482,482,NERVOUS SYSTEM,Spine and Spinal Cord,
482,482,NERVOUS SYSTEM,"Stereotactic Surgery for Intracranial Lesions, Cysts or Abscesses",
483,483,NERVOUS SYSTEM,Deep Brain Stimulation,
483,483,NERVOUS SYSTEM,"Peripheral Nerves, Other Extracranial Nerves and Ganglia",
484,484,NERVOUS SYSTEM,Brachial Plexus,
484,484,NERVOUS SYSTEM,"Suture of Nerves, Primary",
485,485,NERVOUS SYSTEM,Central Nervous System,
485,486,NERVOUS SYSTEM,Vegetative Nervous System,
487,487,NERVOUS SYSTEM,OCULAR SYSTEM,
487,487,NERVOUS SYSTEM,Special Diagnostic Ocular Tests,
488,488,Anesthesia for Eye Surgery,Eye Surgery,
488,488,Anesthesia for Eye Surgery,Orbit,
489,489,Anesthesia for Eye Surgery,Botulinum Toxin,
489,489,Anesthesia for Eye Surgery,Eyelids,
489,489,Anesthesia for Eye Surgery,"Lacrimal Duct, Sac and Wall",
489,490,Anesthesia for Eye Surgery,Rhytidectomy,
491,491,Anesthesia for Eye Surgery,Conjunctiva,
491,491,Anesthesia for Eye Surgery,Ocular Muscles,
492,492,Anesthesia for Eye Surgery,Cornea,
492,492,Anesthesia for Eye Surgery,Sclera and Anterior Chamber,
493,493,Anesthesia for Eye Surgery,Crystalline Lens,
493,494,Anesthesia for Eye Surgery,Iris and Ciliary Body,
495,495,Anesthesia for Eye Surgery,Eyeball,
495,495,Anesthesia for Eye Surgery,Photodynamic Therapy,
495,495,Anesthesia for Eye Surgery,Retina,
495,495,Anesthesia for Eye Surgery,Vitreous,
496,496,Anesthesia for Eye Surgery,Ocular,
496,496,Anesthesia for Eye Surgery,Optic Nerve,
497,497,AUDIO-VESTIBULAR SYSTEM,Advanced Testing,
497,497,AUDIO-VESTIBULAR SYSTEM,Diagnostic Procedures,
498,498,AUDIO-VESTIBULAR SYSTEM,Ear Canal,
498,498,AUDIO-VESTIBULAR SYSTEM,External Ear,
498,498,AUDIO-VESTIBULAR SYSTEM,Otoplasty,
499,499,AUDIO-VESTIBULAR SYSTEM,Middle Ear,
500,500,AUDIO-VESTIBULAR SYSTEM,Audio–Vestibular System,
501,501,AUDIO-VESTIBULAR SYSTEM,Consultations,
501,501,AUDIO-VESTIBULAR SYSTEM,DIAGNOSTIC RADIOLOGICAL PROCEDURES,
501,501,AUDIO-VESTIBULAR SYSTEM,Head and Neck,
502,502,AUDIO-VESTIBULAR SYSTEM,Chest,
502,502,AUDIO-VESTIBULAR SYSTEM,Spine and Pelvis,
503,503,AUDIO-VESTIBULAR SYSTEM,Lower Extremity,
503,503,AUDIO-VESTIBULAR SYSTEM,Upper Extremity,
504,504,AUDIO-VESTIBULAR SYSTEM,Abdomen,
504,504,AUDIO-VESTIBULAR SYSTEM,Gastrointestinal Tract,
504,504,AUDIO-VESTIBULAR SYSTEM,Obstetrical Studies,
504,504,AUDIO-VESTIBULAR SYSTEM,Urinary Tract,
505,505,AUDIO-VESTIBULAR SYSTEM,Brain,
505,505,AUDIO-VESTIBULAR SYSTEM,Computerized Axial Tomography,
505,505,AUDIO-VESTIBULAR SYSTEM,Non-Brain,
506,506,AUDIO-VESTIBULAR SYSTEM,Aortograms,
506,506,AUDIO-VESTIBULAR SYSTEM,Selective Angiograms,
506,506,AUDIO-VESTIBULAR SYSTEM,Special Procedures—Angiography,
506,506,AUDIO-VESTIBULAR SYSTEM,Supervision & Interpretation,
507,507,AUDIO-VESTIBULAR SYSTEM,Femoral Arteriograms,
507,507,AUDIO-VESTIBULAR SYSTEM,Selective Venograms,
507,507,AUDIO-VESTIBULAR SYSTEM,Supervision & Interpretation,
507,507,AUDIO-VESTIBULAR SYSTEM,Venograms,
508,508,AUDIO-VESTIBULAR SYSTEM,Angiocardiograms,
508,508,AUDIO-VESTIBULAR SYSTEM,"Angiography, by Exposure of Major Vein",
508,508,AUDIO-VESTIBULAR SYSTEM,Interventional Neuroradiology,
508,508,AUDIO-VESTIBULAR SYSTEM,Supervision & Interpretation,
509,509,AUDIO-VESTIBULAR SYSTEM,Supervision & Interpretation,
509,509,AUDIO-VESTIBULAR SYSTEM,Transcatheter Procedures—Interventional Radiology,
510,510,AUDIO-VESTIBULAR SYSTEM,Central Nervous System,
510,510,AUDIO-VESTIBULAR SYSTEM,Miscellaneous,
510,511,AUDIO-VESTIBULAR SYSTEM,Special Other Radiological Procedures,
512,512,AUDIO-VESTIBULAR SYSTEM,Screening Radiological Procedures,
513,513,AUDIO-VESTIBULAR SYSTEM,Interventional Radiology,
514,514,AUDIO-VESTIBULAR SYSTEM,Interventional Neuroradiology,
515,515,AUDIO-VESTIBULAR SYSTEM,Percutaneous Transrenal Operative Procedures for Drainage in Non-Stone Cases,
515,515,AUDIO-VESTIBULAR SYSTEM,Percutaneous Transrenal Operative Procedures for Stone Removal,
516,516,AUDIO-VESTIBULAR SYSTEM,Transcatheter Procedures,
517,517,AUDIO-VESTIBULAR SYSTEM,Angiograms,
517,517,AUDIO-VESTIBULAR SYSTEM,Angiography,
517,517,AUDIO-VESTIBULAR SYSTEM,Aortograms,
518,518,AUDIO-VESTIBULAR SYSTEM,Femoral Arteriograms,
518,518,AUDIO-VESTIBULAR SYSTEM,Selective Angiograms,
519,519,AUDIO-VESTIBULAR SYSTEM,Angiocardiograms,
519,519,AUDIO-VESTIBULAR SYSTEM,Angiography,
519,519,AUDIO-VESTIBULAR SYSTEM,Selective Venograms,
519,520,AUDIO-VESTIBULAR SYSTEM,Venograms,
521,521,AUDIO-VESTIBULAR SYSTEM,Abdomen,
521,521,AUDIO-VESTIBULAR SYSTEM,Extremities,
521,521,AUDIO-VESTIBULAR SYSTEM,Head,
521,521,AUDIO-VESTIBULAR SYSTEM,Magnetic Resonance Imaging Services,
521,521,AUDIO-VESTIBULAR SYSTEM,Neck,
521,521,AUDIO-VESTIBULAR SYSTEM,Pelvis,
521,521,AUDIO-VESTIBULAR SYSTEM,Thorax,
522,522,AUDIO-VESTIBULAR SYSTEM,Chest,
522,522,AUDIO-VESTIBULAR SYSTEM,Complex Spine (2 or More Non-Adjoining Segments),
522,522,AUDIO-VESTIBULAR SYSTEM,Diagnostic Ultrasound Services,
522,522,AUDIO-VESTIBULAR SYSTEM,Head and Neck,
522,522,AUDIO-VESTIBULAR SYSTEM,Intermediate Spine (2 Adjoining Segments),
522,522,AUDIO-VESTIBULAR SYSTEM,Limited Spine (One Segment),
523,523,AUDIO-VESTIBULAR SYSTEM,Abdomen and Retroperitoneum,
523,523,AUDIO-VESTIBULAR SYSTEM,Genitalia,
523,523,AUDIO-VESTIBULAR SYSTEM,Obstetrics and Female Pelvis,
523,523,AUDIO-VESTIBULAR SYSTEM,Skin and Subcutaneous Tissues,
523,523,AUDIO-VESTIBULAR SYSTEM,Spinal Canal,
524,524,AUDIO-VESTIBULAR SYSTEM,Extremities,
524,524,AUDIO-VESTIBULAR SYSTEM,Miscellaneous—Doppler Studies,
524,524,AUDIO-VESTIBULAR SYSTEM,Vascular Studies,
525,525,AUDIO-VESTIBULAR SYSTEM,Sonologist Performed Procedures,
525,526,AUDIO-VESTIBULAR SYSTEM,Special Other Radiological Procedures,
527,527,AUDIO-VESTIBULAR SYSTEM,Blood (Ferrokinetics),
527,527,AUDIO-VESTIBULAR SYSTEM,Bone and Joint,
527,527,AUDIO-VESTIBULAR SYSTEM,Brain (Central Nervous System),
527,527,AUDIO-VESTIBULAR SYSTEM,Diagnostic Isotope Procedures,
527,527,AUDIO-VESTIBULAR SYSTEM,NUCLEAR MEDICINE—IN VIVO,
528,528,AUDIO-VESTIBULAR SYSTEM,Cardiovascular,
528,528,AUDIO-VESTIBULAR SYSTEM,Eye,
528,528,AUDIO-VESTIBULAR SYSTEM,Gastrointestinal,
528,528,AUDIO-VESTIBULAR SYSTEM,Lung,
529,529,AUDIO-VESTIBULAR SYSTEM,Kidney,
529,529,AUDIO-VESTIBULAR SYSTEM,Miscellaneous,
529,529,AUDIO-VESTIBULAR SYSTEM,Thyroid,
530,532,AUDIO-VESTIBULAR SYSTEM,"Data Manipulation (Includes Reformatting, Gating, and Computerization)",
533,534,"LABORATORY PROCEDURES—GENERAL—DELETED (JANUARY 1, 2017)",,
535,535,LABORATORY PROCEDURES (SHORT LIST),Bacteriology,
535,535,LABORATORY PROCEDURES (SHORT LIST),Biochemistry,
535,535,LABORATORY PROCEDURES (SHORT LIST),Feces,
535,535,LABORATORY PROCEDURES (SHORT LIST),Hematology,
536,536,LABORATORY PROCEDURES (SHORT LIST),Serology,
536,537,LABORATORY PROCEDURES (SHORT LIST),Urine,
